Force,Time,Velocity,Amplitude,Impulse
0.0014715000000000002,0.0003,0.032742005658320854,90.02269224127137,4.414500000000001e-07
0.0014715000000000002,0.0006,0.0626832644806306,90.04331698934284,8.829000000000002e-07
0.0014715000000000002,0.0009,0.09244918789293514,90.06393319310344,1.32435e-06
0.0014715000000000002,0.0012,0.11916578184870338,90.08247537165333,1.7658000000000003e-06
0.0014715000000000002,0.0015,0.1487411002249299,90.10305807558308,2.2072500000000003e-06
0.0014715000000000002,0.0018,0.1781734654535411,90.12361441143732,2.6487e-06
0.0014715000000000002,0.0021,0.20743481665504507,90.14414057837982,3.0901500000000004e-06
0.0014715000000000002,0.0024,0.23649738238368567,90.16463193684682,3.5316000000000006e-06
0.0014715000000000002,0.0027,0.2653337428733696,90.18508351057223,3.973050000000001e-06
0.0014715000000000002,0.0030000000000000005,0.2939168978795107,90.20549033674693,4.4145000000000015e-06
0.0014715000000000002,0.003300000000000001,0.32222034776522424,90.22584746602497,4.855950000000002e-06
0.0014715000000000002,0.003600000000000001,0.3502181947059118,90.24614996221557,5.297400000000003e-06
0.0014715000000000002,0.003900000000000001,0.37788527401144045,90.26639290232588,5.738850000000003e-06
0.0014715000000000002,0.0042000000000000015,0.40519062178088744,90.28657137721439,6.180300000000004e-06
0.0014715000000000002,0.004500000000000002,0.4347470321305851,90.30868773425966,6.621750000000004e-06
0.0014715000000000002,0.004800000000000002,0.4611673709866389,90.3287149699328,7.063200000000004e-06
0.0014715000000000002,0.005100000000000002,0.48713254285744007,90.34866265829534,7.5046500000000045e-06
0.0014715000000000002,0.005400000000000003,0.5126147710029884,90.36852597791615,7.946100000000005e-06
0.0014715000000000002,0.005700000000000003,0.5375868474023351,90.3883001302397,8.387550000000006e-06
0.0014715000000000002,0.006000000000000004,0.562052407477679,90.40798033909358,8.829000000000006e-06
0.0014715000000000002,0.0063000000000000035,0.5859955527159072,90.42756184467933,9.270450000000007e-06
0.0014715000000000002,0.006600000000000003,0.6093720328251581,90.4470399088493,9.711900000000008e-06
0.0014715000000000002,0.006900000000000004,0.6321588012518923,90.46640981838702,1.0153350000000008e-05
0.0014715000000000002,0.007200000000000004,0.6543338061226986,90.48566688614376,1.0594800000000009e-05
0.0014715000000000002,0.007500000000000005,0.6758755811457067,90.50480645219389,1.1036250000000008e-05
0.0014715000000000002,0.007800000000000005,0.6967632722803376,90.52382388494283,1.1477700000000009e-05
0.0014715000000000002,0.008100000000000005,0.71697665817382,90.54271458226859,1.1919150000000011e-05
0.0014715000000000002,0.008400000000000005,0.7364961697737548,90.5614739726466,1.236060000000001e-05
0.0014715000000000002,0.008700000000000006,0.7553029093565805,90.5800975162384,1.2802050000000012e-05
0.0014715000000000002,0.009000000000000006,0.7733786688858596,90.59858070601827,1.3243500000000011e-05
0.0014715000000000002,0.009300000000000006,0.7907059477195499,90.61691906886125,1.3684950000000012e-05
0.0014715000000000002,0.009600000000000006,0.8072679696306096,90.63510816663253,1.4126400000000011e-05
0.0014715000000000002,0.009900000000000006,0.8230486991313052,90.6531435972773,1.4567850000000013e-05
0.0029430000000000003,0.0003,0.06548406887096034,90.04538570618828,8.829000000000002e-07
0.0029430000000000003,0.0006,0.12536721082736713,90.08663999357044,1.7658000000000003e-06
0.0029430000000000003,0.0009,0.18490113874561537,90.12787089343439,2.6487e-06
0.0029430000000000003,0.0012,0.2383383627092135,90.1649510343907,3.5316000000000006e-06
0.0029430000000000003,0.0015,0.2974972395661378,90.20611326136898,4.414500000000001e-06
0.0029430000000000003,0.0018,0.3563761185922096,90.2472257156593,5.2974e-06
0.0029430000000000003,0.0021,0.41492171984267184,90.28827839940736,6.180300000000001e-06
0.0029430000000000003,0.0024,0.4730826004844107,90.32926134287133,7.063200000000001e-06
0.0029430000000000003,0.0027,0.5308099608518769,90.37016459505334,7.946100000000002e-06
0.0029430000000000003,0.0030000000000000005,0.5880396653345774,90.41097822086363,8.829000000000003e-06
0.0029430000000000003,0.003300000000000001,0.6446271601219771,90.45169232660552,9.711900000000004e-06
0.0029430000000000003,0.003600000000000001,0.7005553894121498,90.492297070271,1.0594800000000006e-05
0.0029430000000000003,0.003900000000000001,0.7557641871093151,90.53278264879629,1.1477700000000005e-05
0.0029430000000000003,0.0042000000000000015,0.8102188267064782,90.5731392993609,1.2360600000000008e-05
0.0029430000000000003,0.004500000000000002,0.8693064351013895,90.61737172615783,1.3243500000000008e-05
0.0029430000000000003,0.004800000000000002,0.9221478177333868,90.65742595934194,1.4126400000000008e-05
0.0029430000000000003,0.005100000000000002,0.9740965987353182,90.69732111526965,1.5009300000000009e-05
0.0029430000000000003,0.005400000000000003,1.0251024833699265,90.73704753578318,1.589220000000001e-05
0.0029430000000000003,0.005700000000000003,1.0751160597943583,90.77659560284901,1.677510000000001e-05
0.0029430000000000003,0.006000000000000004,1.1240888700118759,90.81595574083981,1.7658000000000013e-05
0.0029430000000000003,0.0063000000000000035,1.171973458775029,90.85511841886297,1.8540900000000014e-05
0.0029430000000000003,0.006600000000000003,1.2187234197344101,90.89407415308168,1.9423800000000016e-05
0.0029430000000000003,0.006900000000000004,1.2642934407033728,90.93281350902706,2.0306700000000017e-05
0.0029430000000000003,0.007200000000000004,1.3086393479322787,90.97132710390157,2.1189600000000018e-05
0.0029430000000000003,0.007500000000000005,1.351718149328003,91.00960560884403,2.2072500000000016e-05
0.0029430000000000003,0.007800000000000005,1.3934880765718232,91.04763975127236,2.2955400000000017e-05
0.0029430000000000003,0.008100000000000005,1.4339086261093081,91.08542031709068,2.3838300000000022e-05
0.0029430000000000003,0.008400000000000005,1.472940598940459,91.12293815303988,2.472120000000002e-05
0.0029430000000000003,0.008700000000000006,1.5105461391849953,91.16018416887144,2.5604100000000025e-05
0.0029430000000000003,0.009000000000000006,1.546688771394623,91.19714933969699,2.6487000000000023e-05
0.0029430000000000003,0.009300000000000006,1.5813334365193863,91.23382470810753,2.7369900000000024e-05
0.0029430000000000003,0.009600000000000006,1.614446526538681,91.27020138652509,2.8252800000000022e-05
0.0029430000000000003,0.009900000000000006,1.645995917704312,91.30627055927224,2.9135700000000027e-05
0.0044145,0.0003,0.09822624718611943,90.06808146116026,1.32435e-06
0.0044145,0.0006,0.18805252151426524,90.12996051072662,2.6487e-06
0.0044145,0.0009,0.2773586279493114,90.19180471788958,3.97305e-06
0.0044145,0.0012,0.3575246293856952,90.24742523690433,5.2974e-06
0.0044145,0.0015,0.44628394459211607,90.3091687977754,6.6217500000000014e-06
0.0044145,0.0018,0.5346391507701821,90.37083758581275,7.9461e-06
0.0044145,0.0021,0.6225195491863388,90.4324166098035,9.27045e-06
0.0044145,0.0024,0.7098554253745688,90.49389089336265,1.05948e-05
0.0044145,0.0027,0.7963758168995754,90.5552455074839,1.1919150000000003e-05
0.0044145,0.0030000000000000005,0.8820252996049274,90.61646562548728,1.3243500000000005e-05
0.0044145,0.003300000000000001,0.9667234312550723,90.67753649063326,1.4567850000000005e-05
0.0044145,0.003600000000000001,1.0505712076757612,90.73844339206315,1.5892200000000007e-05
0.0044145,0.003900000000000001,1.1334885292734365,90.79917159777065,1.7216550000000007e-05
0.0044145,0.0042000000000000015,1.215309566895987,90.85970640224943,1.854090000000001e-05
0.0044145,0.004500000000000002,1.3039506258047415,90.92605479761956,1.986525000000001e-05
0.0044145,0.004800000000000002,1.3832104059848134,90.98613585975662,2.118960000000001e-05
0.0044145,0.005100000000000002,1.4611307280041013,91.04597823213352,2.251395000000001e-05
0.0044145,0.005400000000000003,1.537636006704345,91.10556741406174,2.3838300000000015e-05
0.0044145,0.005700000000000003,1.612652009992131,91.16488896369414,2.5162650000000016e-05
0.0044145,0.006000000000000004,1.6861059311778859,91.2239285014873,2.6487000000000016e-05
0.0044145,0.0063000000000000035,1.757926460305826,91.28267171368036,2.781135000000002e-05
0.0044145,0.006600000000000003,1.828043854203365,91.34110435578101,2.913570000000002e-05
0.0044145,0.006900000000000004,1.8963900052279785,91.399212256117,3.046005000000002e-05
0.0044145,0.007200000000000004,1.962898508598135,91.45698131925961,3.178440000000002e-05
0.0044145,0.007500000000000005,2.027504728259611,91.51439752951451,3.310875000000003e-05
0.0044145,0.007800000000000005,2.090145861192788,91.57144695450195,3.443310000000003e-05
0.0044145,0.008100000000000005,2.150761000114033,91.62811574855459,3.575745000000003e-05
0.0044145,0.008400000000000005,2.209291194437777,91.68439015623217,3.708180000000003e-05
0.0044145,0.008700000000000006,2.2656795094952478,91.74025651583776,3.840615000000003e-05
0.0044145,0.009000000000000006,2.31987108386211,91.79570126279114,3.973050000000003e-05
0.0044145,0.009300000000000006,2.3718131847850485,91.85071093329297,4.105485000000003e-05
0.0044145,0.009600000000000006,2.421455261586225,91.90527216752791,4.2379200000000036e-05
0.0044145,0.009900000000000006,2.4687489969875025,91.95937171331255,4.370355000000004e-05
0.005886000000000001,0.0003,0.13096859816099612,90.0907777151249,1.7658000000000003e-06
0.005886000000000001,0.0006,0.2507398802424923,90.17327956866028,3.5316000000000006e-06
0.005886000000000001,0.0009,0.36982445583750756,90.25573883514153,5.2974e-06
0.005886000000000001,0.0012,0.4767316460515898,90.3298996730596,7.063200000000001e-06
0.005886000000000001,0.0015,0.595117740561251,90.41222448686486,8.829000000000001e-06
0.005886000000000001,0.0018,0.7129979635399077,90.4944494975882,1.05948e-05
0.005886000000000001,0.0021,0.8302828616652362,90.57655468235464,1.2360600000000002e-05
0.005886000000000001,0.0024,0.946534761462712,90.6585200891716,1.4126400000000003e-05
0.005886000000000001,0.0027,1.0616872622239772,90.74032593296951,1.5892200000000003e-05
0.005886000000000001,0.0030000000000000005,1.1757071746619225,90.8219525360675,1.7658000000000006e-05
0.005886000000000001,0.003300000000000001,1.288841825133644,90.9033802136833,1.942380000000001e-05
0.005886000000000001,0.003600000000000001,1.400754400564817,90.98458924544897,2.118960000000001e-05
0.005886000000000001,0.003900000000000001,1.5113104203711438,91.0655599559152,2.295540000000001e-05
0.005886000000000001,0.0042000000000000015,1.6204026794378785,91.1462727223352,2.4721200000000017e-05
0.005886000000000001,0.004500000000000002,1.738587200054781,91.23473680345204,2.6487000000000016e-05
0.005886000000000001,0.004800000000000002,1.844262690725229,91.31484436050957,2.8252800000000015e-05
0.005886000000000001,0.005100000000000002,1.9481511187968108,91.3946335263199,3.0018600000000018e-05
0.005886000000000001,0.005400000000000003,2.050151510797251,91.47408494159053,3.178440000000002e-05
0.005886000000000001,0.005700000000000003,2.1501646816179587,91.55317932286023,3.355020000000002e-05
0.005886000000000001,0.006000000000000004,2.2480933320529752,91.63189746741082,3.5316000000000026e-05
0.005886000000000001,0.0063000000000000035,2.343842144983317,91.7102202576864,3.708180000000003e-05
0.005886000000000001,0.006600000000000003,2.4373178801240463,91.7881286661315,3.884760000000003e-05
0.005886000000000001,0.006900000000000004,2.5284294672111387,91.86560375981027,4.0613400000000034e-05
0.005886000000000001,0.007200000000000004,2.6170880975420086,91.94262670525985,4.2379200000000036e-05
0.005886000000000001,0.007500000000000005,2.703207313719367,92.01917877301058,4.414500000000003e-05
0.005886000000000001,0.007800000000000005,2.7867030975207596,92.09524134273511,4.5910800000000035e-05
0.005886000000000001,0.008100000000000005,2.8674939557397394,92.17079590775555,4.7676600000000044e-05
0.005886000000000001,0.008400000000000005,2.945501003905762,92.24582407970749,4.944240000000004e-05
0.005886000000000001,0.008700000000000006,3.0206480477276894,92.32030759391132,5.120820000000005e-05
0.005886000000000001,0.009000000000000006,3.0928616621869005,92.39422831355658,5.2974000000000045e-05
0.005886000000000001,0.009300000000000006,3.1620712680963226,92.4675682349984,5.473980000000005e-05
0.005886000000000001,0.009600000000000006,3.2282092060556664,92.54030949211285,5.6505600000000044e-05
0.005886000000000001,0.009900000000000006,3.2912108076530093,92.61243436178816,5.827140000000005e-05
0.0073575,0.0003,0.16371117936098412,90.11347271745251,2.20725e-06
0.0073575,0.0006,0.31342997255331273,90.21659879730606,4.4145e-06
0.0073575,0.0009,0.4623014604062652,90.31967307429132,6.62175e-06
0.0073575,0.0012,0.5959667474648922,90.4123741886868,8.829e-06
0.0073575,0.0015,0.7440167124432524,90.5152801876398,1.103625e-05
0.0073575,0.0018,0.8914947994884406,90.61806129943888,1.32435e-05
0.0073575,0.0021,1.0379350715752145,90.72069248241394,1.5450749999999998e-05
0.0073575,0.0024,1.1830045702823373,90.82314893730987,1.7658e-05
0.0073575,0.0027,1.3267616279518182,90.9254060451533,1.986525e-05
0.0073575,0.0030000000000000005,1.46959753525623,91.02743916186702,2.2072500000000003e-05
0.0073575,0.003300000000000001,1.6110467433471447,91.1292235681643,2.4279750000000004e-05
0.0073575,0.003600000000000001,1.750935283722606,91.2307345914845,2.6487000000000006e-05
0.0073575,0.003900000000000001,1.8891273970062787,91.33194761623479,2.869425000000001e-05
0.0073575,0.0042000000000000015,2.0254888164912668,91.4328380891828,3.090150000000001e-05
0.0073575,0.004500000000000002,2.173213740124886,91.54341748120457,3.3108750000000014e-05
0.0073575,0.004800000000000002,2.3053013165409637,91.64355108970251,3.531600000000001e-05
0.0073575,0.005100000000000002,2.435153265989722,91.74328648710228,3.752325000000002e-05
0.0073575,0.005400000000000003,2.5626430608064705,91.84259943381542,3.9730500000000015e-05
0.0073575,0.005700000000000003,2.6876463838305096,91.94146578138287,4.193775000000002e-05
0.0073575,0.006000000000000004,2.810041251722047,92.03986147792244,4.4145000000000025e-05
0.0073575,0.0063000000000000035,2.929708136988924,92.13776257435754,4.635225000000003e-05
0.0073575,0.006600000000000003,3.0465300885575193,92.23514522997486,4.855950000000003e-05
0.0073575,0.006900000000000004,3.1603928507573196,92.3319857187491,5.076675000000003e-05
0.0073575,0.007200000000000004,3.2711849805399913,92.42826043511874,5.297400000000003e-05
0.0073575,0.007500000000000005,3.3787979627964417,92.52394590010458,5.518125000000004e-05
0.0073575,0.007800000000000005,3.4831263235736034,92.61901876776889,5.738850000000003e-05
0.0073575,0.008100000000000005,3.584067741034921,92.71345583097548,5.959575000000003e-05
0.0073575,0.008400000000000005,3.681523153969832,92.80723402811513,6.180300000000005e-05
0.0073575,0.008700000000000006,3.7753968676696656,92.9003304487585,6.401025000000005e-05
0.0073575,0.009000000000000006,3.8655966569953555,92.99272234069834,6.621750000000004e-05
0.0073575,0.009300000000000006,3.9520338664136605,93.0843871159372,6.842475000000005e-05
0.0073575,0.009600000000000006,4.034623506849724,93.17530235688187,7.063200000000005e-05
0.0073575,0.009900000000000006,4.113284349130289,93.26544582328425,7.283925000000006e-05
0.008829,0.0003,0.19645404836829,90.13616649807037,2.6487e-06
0.008829,0.0006,0.37612348644531235,90.25991811739344,5.2974e-06
0.008829,0.0009,0.554792530305997,90.38360737046536,7.9461e-06
0.008829,0.0012,0.7152376378077155,90.49484872612989,1.05948e-05
0.008829,0.0015,0.8930011464017841,90.61833583935186,1.3243500000000003e-05
0.008829,0.0018,1.0700231562008244,90.74167292172133,1.58922e-05
0.008829,0.0021,1.2454211519657266,90.86483002874684,1.85409e-05
0.008829,0.0024,1.4192177176458864,90.98777755419917,2.11896e-05
0.008829,0.0027,1.592067195370748,91.11048595014181,2.3838300000000005e-05
0.008829,0.0030000000000000005,1.7635120920763665,91.23292550011658,2.648700000000001e-05
0.008829,0.003300000000000001,1.9332488873530216,91.35506651318673,2.913570000000001e-05
0.008829,0.003600000000000001,2.1011120391015883,91.47687935585515,3.1784400000000014e-05
0.008829,0.003900000000000001,2.266938315269498,91.59833445817077,3.4433100000000014e-05
0.008829,0.0042000000000000015,2.430566286382793,91.71940231996693,3.708180000000002e-05
0.008829,0.004500000000000002,2.6078277877732217,91.85209655628903,3.973050000000002e-05
0.008829,0.004800000000000002,2.76632291790952,91.97225566374402,4.237920000000002e-05
0.008829,0.005100000000000002,2.9221326566616503,92.09193659223371,4.502790000000002e-05
0.008829,0.005400000000000003,3.075104715036751,92.21111019524763,4.767660000000003e-05
0.008829,0.005700000000000003,3.2250894200379174,92.32974742946801,5.032530000000003e-05
0.008829,0.006000000000000004,3.3719398647345002,92.44781936199006,5.297400000000003e-05
0.008829,0.0063000000000000035,3.51551205731714,92.56529717698467,5.562270000000004e-05
0.008829,0.006600000000000003,3.6556650689451176,92.682152183513,5.827140000000004e-05
0.008829,0.006900000000000004,3.7922611801714914,92.79835582226808,6.092010000000004e-05
0.008829,0.007200000000000004,3.9251660257546077,92.91387967309088,6.356880000000004e-05
0.008829,0.007500000000000005,4.054248737603489,93.02869546292901,6.621750000000006e-05
0.008829,0.007800000000000005,4.1793820856419455,93.14277507302916,6.886620000000006e-05
0.008829,0.008100000000000005,4.300442616316773,93.25609054700413,7.151490000000006e-05
0.008829,0.008400000000000005,4.417310788494918,93.36861409851687,7.416360000000006e-05
0.008829,0.008700000000000006,4.529871106489514,93.48031811905219,7.681230000000006e-05
0.008829,0.009000000000000006,4.638012249924683,93.59117518672193,7.946100000000006e-05
0.008829,0.009300000000000006,4.741627200153153,93.70115807349792,8.210970000000006e-05
0.008829,0.009600000000000006,4.840613362949546,93.81023975365312,8.475840000000007e-05
0.008829,0.009900000000000006,4.934872687183791,93.91839341235998,8.740710000000007e-05
0.0103005,0.0003,0.2291972627811837,90.15886035173436,3.0901500000000004e-06
0.0103005,0.0006,0.4388211130019056,90.30323749040669,6.180300000000001e-06
0.0103005,0.0009,0.647300618228991,90.44754169384937,9.27045e-06
0.0103005,0.0012,0.8345524973624675,90.57732325688687,1.2360600000000002e-05
0.0103005,0.0015,1.0420942904087072,90.72139140408889,1.545075e-05
0.0103005,0.0018,1.248396591699598,90.86528436206719,1.85409e-05
0.0103005,0.0021,1.4527068398276,91.00896737938328,2.163105e-05
0.0103005,0.0024,1.6556032566783605,91.15240601879042,2.4721200000000003e-05
0.0103005,0.0027,1.8574067661391451,91.29556564217275,2.7811350000000006e-05
0.0103005,0.0030000000000000005,2.0574245601201766,91.43841152598107,3.090150000000001e-05
0.0103005,0.003300000000000001,2.2554477970650924,91.58090900056946,3.399165000000001e-05
0.0103005,0.003600000000000001,2.4512838857927526,91.72302345710122,3.7081800000000015e-05
0.0103005,0.003900000000000001,2.6447419975765607,91.86472035419906,4.017195000000002e-05
0.0103005,0.0042000000000000015,2.835633389295529,92.00596522490432,4.326210000000002e-05
0.0103005,0.004500000000000002,3.042426877526327,92.1607737472772,4.6352250000000024e-05
0.0103005,0.004800000000000002,3.2273241223488625,92.30095769219784,4.9442400000000027e-05
0.0103005,0.005100000000000002,3.4090847713871577,92.44058331304947,5.2532550000000036e-05
0.0103005,0.005400000000000003,3.587530525791619,92.5796165237606,5.562270000000004e-05
0.0103005,0.005700000000000003,3.762486088248051,92.71802335104809,5.8712850000000035e-05
0.0103005,0.006000000000000004,3.9337793409692208,92.85576994213783,6.180300000000005e-05
0.0103005,0.0063000000000000035,4.101241523216868,92.9928225728124,6.489315000000004e-05
0.0103005,0.006600000000000003,4.264707408144514,93.12914765678173,6.798330000000005e-05
0.0103005,0.006900000000000004,4.424015478690501,93.26471175355034,7.107345000000005e-05
0.0103005,0.007200000000000004,4.579008102225747,93.3994815777292,7.416360000000006e-05
0.0103005,0.007500000000000005,4.7295317036682345,93.53342400791806,7.725375000000005e-05
0.0103005,0.007800000000000005,4.875436936712535,93.66650609671025,8.034390000000006e-05
0.0103005,0.008100000000000005,5.016578852833373,93.79869507908663,8.343405000000006e-05
0.0103005,0.008400000000000005,5.152817067710304,93.9299583831411,8.652420000000007e-05
0.0103005,0.008700000000000006,5.284015924660572,94.06026363933432,8.961435000000006e-05
0.0103005,0.009000000000000006,5.410044654705148,94.18957869026252,9.270450000000006e-05
0.0103005,0.009300000000000006,5.530777532864904,94.31787160151067,9.579465000000007e-05
0.0103005,0.009600000000000006,5.64609403025658,94.44511067166216,9.888480000000007e-05
0.0103005,0.009900000000000006,5.755878961573804,94.5712644421782,0.00010197495000000008
0.011772000000000001,0.0003,0.26194088022230844,90.18155426241141,3.5316000000000006e-06
0.011772000000000001,0.0006,0.5015235470114626,90.34655689601696,7.063200000000001e-06
0.011772000000000001,0.0009,0.7398287547895186,90.51147602842748,1.05948e-05
0.011772000000000001,0.0012,0.9539200995873882,90.65979776347974,1.4126400000000003e-05
0.011772000000000001,0.0015,1.1912715274845593,90.82444685732051,1.7658000000000003e-05
0.011772000000000001,0.0018,1.4266398604233217,90.98889564106003,2.11896e-05
0.011772000000000001,0.0021,1.6598170255168185,91.1531046018907,2.4721200000000003e-05
0.011772000000000001,0.0024,1.8920993389046115,91.31703433280333,2.8252800000000005e-05
0.011772000000000001,0.0027,2.1227456843363424,91.48064510784805,3.178440000000001e-05
0.011772000000000001,0.0030000000000000005,2.3513346435393037,91.6438972103393,3.531600000000001e-05
0.011772000000000001,0.003300000000000001,2.5776429687913662,91.80675097789505,3.884760000000002e-05
0.011772000000000001,0.003600000000000001,2.8014500297398097,91.96916680948601,4.237920000000002e-05
0.011772000000000001,0.003900000000000001,3.022537261404609,92.1311051725204,4.591080000000002e-05
0.011772000000000001,0.0042000000000000015,3.240688420657604,92.29252661011068,4.944240000000003e-05
0.011772000000000001,0.004500000000000002,3.477008539277581,92.46944876860672,5.297400000000003e-05
0.011772000000000001,0.004800000000000002,3.6883015529884164,92.6296567806787,5.650560000000003e-05
0.011772000000000001,0.005100000000000002,3.8960050866439575,92.7892261166121,6.0037200000000036e-05
0.011772000000000001,0.005400000000000003,4.0999145416350675,92.94811771335876,6.356880000000004e-05
0.011772000000000001,0.005700000000000003,4.299828683204731,93.10629262613814,6.710040000000005e-05
0.011772000000000001,0.006000000000000004,4.495549847677621,93.26371203710116,7.063200000000005e-05
0.011772000000000001,0.0063000000000000035,4.686884150159199,93.42033726526358,7.416360000000006e-05
0.011772000000000001,0.006600000000000003,4.8736416923941475,93.5761297761262,7.769520000000006e-05
0.011772000000000001,0.006900000000000004,5.055636770480197,93.7310511923845,8.122680000000007e-05
0.011772000000000001,0.007200000000000004,5.23268808201553,93.88506330370008,8.475840000000007e-05
0.011772000000000001,0.007500000000000005,5.404618932317394,94.03812807846175,8.829000000000006e-05
0.011772000000000001,0.007800000000000005,5.571257439240479,94.19020767374688,9.182160000000007e-05
0.011772000000000001,0.008100000000000005,5.732436736128129,94.34126444790033,9.535320000000009e-05
0.011772000000000001,0.008400000000000005,5.887995172403314,94.49126097206289,9.888480000000008e-05
0.011772000000000001,0.008700000000000006,6.037776511263162,94.64016004140257,0.0001024164000000001
0.011772000000000001,0.009000000000000006,6.181630123940599,94.7879246879108,0.00010594800000000009
0.011772000000000001,0.009300000000000006,6.319411179957966,94.93451819307205,0.0001094796000000001
0.011772000000000001,0.009600000000000006,6.450980832799272,95.07990410013062,0.00011301120000000009
0.011772000000000001,0.009900000000000006,6.576206400409458,95.22404622670244,0.0001165428000000001
0.0132435,0.0003,0.2946849583398625,90.20424821346758,3.97305e-06
0.0132435,0.0006,0.5642314876070933,90.38987632251298,7.9461e-06
0.0132435,0.0009,0.8323800630114008,90.57541036448274,1.1919150000000001e-05
0.0132435,0.0012,1.073349941544914,90.74227223315296,1.58922e-05
0.0132435,0.0015,1.340361222314041,90.92750219634813,1.986525e-05
0.0132435,0.0018,1.604731664088939,91.1125067878315,2.3838300000000002e-05
0.0132435,0.0021,1.867115682737286,91.29724172152171,2.7811350000000003e-05
0.0132435,0.0024,2.128607034122379,91.48166249038239,3.17844e-05
0.0132435,0.0027,2.388082909804073,91.66572433121434,3.575745000000001e-05
0.0132435,0.0030000000000000005,2.6452420457633465,91.84938252142477,3.973050000000001e-05
0.0132435,0.003300000000000001,2.89983388724318,92.03259239009394,4.3703550000000016e-05
0.0132435,0.003600000000000001,3.1516096732458805,92.21530932479347,4.767660000000002e-05
0.0132435,0.003900000000000001,3.4003229211160817,92.39748877889562,5.1649650000000025e-05
0.0132435,0.0042000000000000015,3.64572967275428,92.57908627921503,5.5622700000000026e-05
0.0132435,0.004500000000000002,3.9115702999489432,92.77812133220199,5.9595750000000027e-05
0.0132435,0.004800000000000002,4.14925183016242,92.95835253220486,6.356880000000004e-05
0.0132435,0.005100000000000002,4.382889076343111,93.13786446764452,6.754185000000004e-05
0.0132435,0.005400000000000003,4.61225080889866,93.31661305562884,7.151490000000004e-05
0.0132435,0.005700000000000003,4.837109497873886,93.49455433213436,7.548795000000004e-05
0.0132435,0.006000000000000004,5.057241550970284,93.67164446330784,7.946100000000004e-05
0.0132435,0.0063000000000000035,5.272427553366661,93.84783975508972,8.343405000000005e-05
0.0132435,0.006600000000000003,5.482452508919138,94.02309666574088,8.740710000000006e-05
0.0132435,0.006900000000000004,5.687106082397735,94.19737181633384,9.138015000000006e-05
0.0132435,0.007200000000000004,5.886182842196121,94.3706220041592,9.535320000000006e-05
0.0132435,0.007500000000000005,6.079482503022729,94.54280421535996,9.932625000000008e-05
0.0132435,0.007800000000000005,6.266810168011144,94.71387563716094,0.00010329930000000008
0.0132435,0.008100000000000005,6.447976569571387,94.8837936724983,0.00010727235000000008
0.0132435,0.008400000000000005,6.622798308365351,95.05251595391921,0.00011124540000000008
0.0132435,0.008700000000000006,6.79109808966659,95.22000035735194,0.00011521845000000008
0.0132435,0.009000000000000006,6.952704956386738,95.38620501722767,0.0001191915000000001
0.0132435,0.009300000000000006,7.107454518009784,95.55108834200983,0.0001231645500000001
0.0132435,0.009600000000000006,7.255189174625798,95.71460902946318,0.00012713760000000008
0.0132435,0.009900000000000006,7.395758335274867,95.87672608207454,0.0001311106500000001
0.014715,0.0003,0.3274295548074233,90.22694219368707,4.4145e-06
0.014715,0.0006,0.6269456389045309,90.43319576265053,8.829e-06
0.014715,0.0009,0.9249577735640631,90.63934469548339,1.32435e-05
0.014715,0.0012,1.1928523912617122,90.82474665545757,1.7658e-05
0.014715,0.0015,1.4893416929755026,91.03055742804044,2.20725e-05
0.014715,0.0018,1.7826369946850589,91.23611783616069,2.6487e-05
0.014715,0.0021,2.0745269179270482,91.44137873718661,3.0901499999999995e-05
0.014715,0.0024,2.3651146812670385,91.64629048394698,3.5316e-05
0.014715,0.0027,2.653418310641338,91.85080329441968,3.97305e-05
0.014715,0.0030000000000000005,2.939146448979289,92.05486742574519,4.4145000000000005e-05
0.014715,0.003300000000000001,3.2220200336994034,92.25843318042577,4.855950000000001e-05
0.014715,0.003600000000000001,3.5017620165091765,92.46145091292638,5.297400000000001e-05
0.014715,0.003900000000000001,3.7780977888842258,92.66387103724938,5.738850000000002e-05
0.014715,0.0042000000000000015,4.050755435764059,92.86564403393744,6.180300000000002e-05
0.014715,0.004500000000000002,4.346109684476342,93.08679114832931,6.621750000000003e-05
0.014715,0.004800000000000002,4.610171572374345,93.28704454826577,7.063200000000002e-05
0.014715,0.005100000000000002,4.869732212795996,93.48649782923398,7.504650000000003e-05
0.014715,0.005400000000000003,5.1245333726349775,93.6851018400968,7.946100000000003e-05
0.014715,0.005700000000000003,5.374320824412709,93.8828075449365,8.387550000000004e-05
0.014715,0.006000000000000004,5.618844616832392,94.07956603554116,8.829000000000005e-05
0.014715,0.0063000000000000035,5.857859348901933,94.2753285420543,9.270450000000006e-05
0.014715,0.006600000000000003,6.091124447150828,94.47004644779798,9.711900000000006e-05
0.014715,0.006900000000000004,6.318404445408127,94.66367130123703,0.00010153350000000005
0.014715,0.007200000000000004,6.539469266542844,94.85615483052831,0.00010594800000000006
0.014715,0.007500000000000005,6.754094505481663,95.04744895905908,0.00011036250000000007
0.014715,0.007800000000000005,6.96206171274493,95.23750581980468,0.00011477700000000006
0.014715,0.008100000000000005,7.163158677711136,95.42627777172089,0.00011919150000000007
0.014715,0.008400000000000005,7.357179710722017,95.61371741707038,0.0001236060000000001
0.014715,0.008700000000000006,7.543925923104559,95.79977761829632,0.0001280205000000001
0.014715,0.009000000000000006,7.723205504153748,95.98441151526545,0.00013243500000000008
0.014715,0.009300000000000006,7.89483399405354,96.16757254364242,0.0001368495000000001
0.014715,0.009600000000000006,8.058634551704543,96.34921445378126,0.0001412640000000001
0.014715,0.009900000000000006,8.21443821638195,96.52929132980148,0.0001456785000000001
0.0161865,0.0003,0.36017472733511796,90.24963619549737,4.8559500000000005e-06
0.0161865,0.0006,0.6896667106531632,90.47651521167971,9.711900000000001e-06
0.0161865,0.0009,1.0175652408549698,90.70327901661307,1.4567850000000001e-05
0.0161865,0.0012,1.3124388563834006,90.90722102170437,1.9423800000000002e-05
0.0161865,0.0015,1.6382205349369745,91.13361256222873,2.427975e-05
0.0161865,0.0018,1.9604651986459323,91.35972881279964,2.9135700000000003e-05
0.0161865,0.0021,2.281967123517813,91.58551564632076,3.399165e-05
0.0161865,0.0024,2.6016211685122888,91.81091830465851,3.8847600000000004e-05
0.0161865,0.0027,2.9187517163588734,92.03588197854576,4.370355000000001e-05
0.0161865,0.0030000000000000005,3.233047531267861,92.26035188865174,4.855950000000001e-05
0.0161865,0.003300000000000001,3.544200887814196,92.48427329088157,5.341545000000002e-05
0.0161865,0.003600000000000001,3.8519062583207155,92.70759148292451,5.827140000000002e-05
0.0161865,0.003900000000000001,4.155860675474195,92.93025181044347,6.312735000000003e-05
0.0161865,0.0042000000000000015,4.455763998527716,93.15219967523068,6.798330000000004e-05
0.0161865,0.004500000000000002,4.780624216570302,93.39545792614251,7.283925000000003e-05
0.0161865,0.004800000000000002,5.0710573970569275,93.61573242886051,7.769520000000005e-05
0.0161865,0.005100000000000002,5.35652996746424,93.83512566319556,8.255115000000004e-05
0.0161865,0.005400000000000003,5.636756277392213,94.05358335579851,8.740710000000005e-05
0.0161865,0.005700000000000003,5.911454954980555,94.27105133940819,9.226305000000005e-05
0.0161865,0.006000000000000004,6.180349211976834,94.48747556709935,9.711900000000006e-05
0.0161865,0.0063000000000000035,6.443167154621384,94.70280212440451,0.00010197495000000005
0.0161865,0.006600000000000003,6.699642099809623,94.91697724422062,0.00010683090000000007
0.0161865,0.006900000000000004,6.949512895856923,95.12994732268156,0.00011168685000000007
0.0161865,0.007200000000000004,7.192524247119066,95.3416589340766,0.00011654280000000008
0.0161865,0.007500000000000005,7.428427041607894,95.55205884905484,0.00012139875000000009
0.0161865,0.007800000000000005,7.65697868065047,95.76109405290228,0.0001262547000000001
0.0161865,0.008100000000000005,7.87794340955572,95.96871176350064,0.0001311106500000001
0.0161865,0.008400000000000005,8.091092648184734,96.17485945087415,0.0001359666000000001
0.0161865,0.008700000000000006,8.29620532022098,96.37948485802777,0.0001408225500000001
0.0161865,0.009000000000000006,8.493068179886023,96.58253602213102,0.0001456785000000001
0.0161865,0.009300000000000006,8.681476134832648,96.78396129604485,0.00015053445000000012
0.0161865,0.009600000000000006,8.861232563810988,96.98370937043276,0.0001553904000000001
0.0161865,0.009900000000000006,9.032149627757068,97.18172929659791,0.0001602463500000001
0.017658,0.0003,0.3929205336676218,90.2723302136586,5.2974e-06
0.017658,0.0006,0.7523954188974923,90.51983466632858,1.05948e-05
0.017658,0.0009,1.1102059601520105,90.76721332404267,1.58922e-05
0.017658,0.0012,1.4321028267494642,90.98969532582453,2.11896e-05
0.017658,0.0015,1.786990725765377,91.23666761084199,2.6487000000000006e-05
0.017658,0.0018,2.1384485908332835,91.48333972214515,3.17844e-05
0.017658,0.0021,2.489413558467798,91.72965244551274,3.70818e-05
0.017658,0.0024,2.8381263698146713,91.97554594286423,4.23792e-05
0.017658,0.0027,3.1840829410991622,92.22096036377762,4.767660000000001e-05
0.017658,0.0030000000000000005,3.526944968767153,92.46583587451725,5.297400000000002e-05
0.017658,0.003300000000000001,3.866375928127258,92.71011266283432,5.827140000000002e-05
0.017658,0.003600000000000001,4.202041596351988,92.95373094256705,6.356880000000003e-05
0.017658,0.003900000000000001,4.533610390556997,93.19663096044039,6.886620000000003e-05
0.017658,0.0042000000000000015,4.86075364886199,93.43875300265738,7.416360000000004e-05
0.017658,0.004500000000000002,5.215111419028085,93.70412137366685,7.946100000000004e-05
0.017658,0.004800000000000002,5.5319059208806305,93.94441577354064,8.475840000000005e-05
0.017658,0.005100000000000002,5.843277811292277,94.18374743078908,9.005580000000005e-05
0.017658,0.005400000000000003,6.1489135675583215,94.42205689018434,9.535320000000006e-05
0.017658,0.005700000000000003,6.448504182123457,94.65928478941689,0.00010065060000000006
0.017658,0.006000000000000004,6.741745504313152,94.89537187122869,0.00010594800000000006
0.017658,0.0063000000000000035,7.028338590733239,95.13025900006217,0.00011124540000000008
0.017658,0.006600000000000003,7.3079900636285595,95.36388717631007,0.00011654280000000008
0.017658,0.006900000000000004,7.580412476422955,95.59619755494354,0.00012184020000000008
0.017658,0.007200000000000004,7.845324685506431,95.82713146436289,0.00012713760000000008
0.017658,0.007500000000000005,8.102452227188378,96.05663042484792,0.0001324350000000001
0.017658,0.007800000000000005,8.351527698640783,96.28463616961169,0.0001377324000000001
0.017658,0.008100000000000005,8.592291141551712,96.51109066729506,0.0001430298000000001
0.017658,0.008400000000000005,8.824490427029245,96.73593614478102,0.00014832720000000011
0.017658,0.008700000000000006,9.04788164031295,96.95911511079503,0.00015362460000000011
0.017658,0.009000000000000006,9.262229463666463,97.18057038057054,0.00015892200000000012
0.0191295,0.0003,0.4256670315915111,90.29502424444989,5.73885e-06
0.0191295,0.0006,0.8151324866401044,90.5631541242477,1.14777e-05
0.0191295,0.0009,1.2028835858926301,90.83114761449673,1.721655e-05
0.0191295,0.0012,1.5517538491460101,91.07216956743865,2.29554e-05
0.0191295,0.0015,1.9356371216206525,91.33972258728484,2.869425e-05
0.0191295,0.0018,2.316543029128692,91.6069505636689,3.44331e-05
0.0191295,0.0021,2.696860774903713,91.87378913069043,4.017195e-05
0.0191295,0.0024,3.0746302095286553,92.14017338829368,4.59108e-05
0.0191295,0.0027,3.449411795003189,92.40603842965449,5.1649650000000004e-05
0.0191295,0.0030000000000000005,3.820838436528232,92.67131934738661,5.738850000000001e-05
0.0191295,0.003300000000000001,4.188544632423227,92.9359512366897,6.312735000000002e-05
0.0191295,0.003600000000000001,4.552167227494065,93.1998691993037,6.886620000000003e-05
0.0191295,0.003900000000000001,4.911345743061364,93.46300834851418,7.460505000000003e-05
0.0191295,0.0042000000000000015,5.265722673907305,93.72530381567202,8.034390000000004e-05
0.0191295,0.004500000000000002,5.649568814072329,94.01278119877206,8.608275000000005e-05
0.0191295,0.004800000000000002,5.992713760110256,94.27309418101619,9.182160000000004e-05
0.0191295,0.005100000000000002,6.329971215070776,94.5323625920608,9.756045000000005e-05
0.0191295,0.005400000000000003,6.660999287763579,94.79052173098604,0.00010329930000000005
0.0191295,0.005700000000000003,6.9854607992102915,95.04750696841937,0.00010903815000000006
0.0191295,0.006000000000000004,7.3030236634469885,95.30325376066999,0.00011477700000000006
0.0191295,0.0063000000000000035,7.613361280410632,95.5576976659184,0.00012051585000000007
0.0191295,0.006600000000000003,7.91615294011017,95.81077436375163,0.00012625470000000006
0.0191295,0.006900000000000004,8.211084237094038,96.06241967300188,0.0001319935500000001
0.0191295,0.007200000000000004,8.497847494104498,96.31256957274894,0.00013773240000000008
0.0191295,0.007500000000000005,8.776142193587718,96.56116022569338,0.0001434712500000001
0.0191295,0.007800000000000005,9.045675415620423,96.8081280018681,0.0001492101000000001
0.0191295,0.008100000000000005,9.306162280620978,97.05340950341764,0.0001549489500000001
0.020601,0.0003,0.45841427893539405,90.3177182851595,6.180300000000001e-06
0.020601,0.0006,0.8778786445321122,90.60647358368306,1.2360600000000002e-05
0.020601,0.0009,1.295601951363194,90.8950818850641,1.85409e-05
0.020601,0.0012,1.6713439999538235,91.15464374874199,2.4721200000000003e-05
0.020601,0.0015,2.0841422623767163,91.44277750558582,3.09015e-05
0.020601,0.0018,2.4946902343069066,91.7305613364165,3.70818e-05
0.020601,0.0021,2.9043074841082444,92.01792569729844,4.32621e-05
0.020601,0.0024,3.3111325967967624,92.30480063023523,4.9442400000000006e-05
0.020601,0.0027,3.714738086670582,92.59111615531897,5.562270000000001e-05
0.020601,0.0030000000000000005,4.114727608906457,92.87680227042394,6.180300000000002e-05
0.020601,0.003300000000000001,4.5107064778909685,93.1617889526608,6.798330000000002e-05
0.020601,0.003600000000000001,4.9022823480443805,93.44600615995789,7.416360000000003e-05
0.020601,0.003900000000000001,5.289065541373777,93.72938383565182,8.034390000000004e-05
0.020601,0.0042000000000000015,5.670669360313618,94.01185191287757,8.652420000000004e-05
0.020601,0.004500000000000002,6.0839939235619065,94.32143710830606,9.270450000000005e-05
0.020601,0.004800000000000002,6.453477530809425,94.60176724964765,9.888480000000005e-05
0.020601,0.005100000000000002,6.8166056496597625,94.8809706072379,0.00010506510000000007
0.020601,0.005400000000000003,7.173007483125479,95.15897716517686,0.00011124540000000008
0.020601,0.005700000000000003,7.52231710074235,95.43571694956032,0.00011742570000000007
0.020601,0.006000000000000004,7.864173861050761,95.71112004640932,0.0001236060000000001
0.020601,0.0063000000000000035,8.1982228502701,95.98511661933803,0.00012978630000000008
0.020601,0.006600000000000003,8.524115336168524,96.25763692791453,0.0001359666000000001
0.020601,0.006900000000000004,8.84150923602533,96.5286113507144,0.0001421469000000001
0.020601,0.007200000000000004,9.150069597291191,96.7979704091596,0.00014832720000000011
0.020601,0.007500000000000005,9.449469089353352,97.06564479225663,0.0001545075000000001
0.022072500000000002,0.0003,0.4911623335775814,90.34041233376858,6.62175e-06
0.022072500000000002,0.0006,0.9406346315647042,90.6497930432807,1.32435e-05
0.022072500000000002,0.0009,1.3883650899654068,90.95901613306457,1.986525e-05
0.022072500000000002,0.0012,1.7908639568236198,91.23711787257469,2.6487e-05
0.022072500000000002,0.0015,2.232510877358394,91.54583237832121,3.310875e-05
0.022072500000000002,0.0018,2.672860451424136,91.85417203901481,3.97305e-05
0.022072500000000002,0.0021,3.1117533773065036,92.16206214042352,4.635225e-05
0.022072500000000002,0.0024,3.547633431393007,92.46942765750636,5.2974e-05
0.022072500000000002,0.0027,3.980061623829323,92.77619351945316,5.9595750000000006e-05
0.022072500000000002,0.0030000000000000005,4.408612159774761,93.08228460684866,6.621750000000001e-05
0.022072500000000002,0.003300000000000001,4.8328609412714725,93.38762575036478,7.283925000000002e-05
0.022072500000000002,0.003600000000000001,5.252386153866569,93.69214173120412,7.946100000000003e-05
0.022072500000000002,0.003900000000000001,5.666768593475835,93.995757282295,8.608275000000003e-05
0.022072500000000002,0.0042000000000000015,6.0755919944005985,94.29839709296795,9.270450000000005e-05
0.022072500000000002,0.004500000000000002,6.518384269131981,94.63008880946252,9.932625000000005e-05
0.022072500000000002,0.004800000000000002,6.91419384900857,94.93043457723253,0.00010594800000000004
0.022072500000000002,0.005100000000000002,7.303176586178161,95.22957093644345,0.00011256975000000007
0.022072500000000002,0.005400000000000003,7.684932199468634,95.52742247874043,0.00011919150000000007
0.022072500000000002,0.005700000000000003,8.059065382604617,95.82391380515118,0.00012581325000000007
0.022072500000000002,0.006000000000000004,8.425186271213075,96.11896954136998,0.00013243500000000008
0.022072500000000002,0.0063000000000000035,8.782910930824709,96.41251435689803,0.00013905675000000007
0.022072500000000002,0.006600000000000003,9.131861864730139,96.70447298840361,0.00014567850000000009
0.022072500000000002,0.006900000000000004,9.471668540368775,96.99477026320562,0.0001523002500000001
0.023544000000000002,0.0003,0.5239112534437774,90.36310638874234,7.063200000000001e-06
0.023544000000000002,0.0006,1.003401195778331,90.69311250196138,1.4126400000000003e-05
0.023544000000000002,0.0009,1.481177258307971,91.02295035608864,2.11896e-05
0.023544000000000002,0.0012,1.9103120422058741,91.3195919423131,2.8252800000000005e-05
0.023544000000000002,0.0015,2.3808975465681335,91.64888721008876,3.5316000000000005e-05
0.023544000000000002,0.0018,2.851040341954025,91.97778266986711,4.23792e-05
0.023544000000000002,0.0021,3.3191983651903625,92.30619845502963,4.9442400000000006e-05
0.023544000000000002,0.0024,3.7841326091875396,92.63405445887061,5.650560000000001e-05
0.023544000000000002,0.0027,4.2453822136418236,92.96127050063932,6.356880000000001e-05
0.023544000000000002,0.0030000000000000005,4.7024917626657095,93.28776631926985,7.063200000000002e-05
0.023544000000000002,0.003300000000000001,5.155007498964871,93.61346156962261,7.769520000000003e-05
0.023544000000000002,0.003600000000000001,5.602477840497206,93.93827581927843,8.475840000000005e-05
0.023544000000000002,0.003900000000000001,6.044453707068167,94.26212854886496,9.182160000000004e-05
0.023544000000000002,0.0042000000000000015,6.4804888622664,94.58493915376815,9.888480000000007e-05
0.023544000000000002,0.004500000000000002,6.95273737233262,94.938736008423,0.00010594800000000006
0.023544000000000002,0.004800000000000002,7.374859330839286,95.2590957620607,0.00011301120000000006
0.023544000000000002,0.005100000000000002,7.789679496151936,95.57816303815144,0.00012007440000000007
0.023544000000000002,0.005400000000000003,8.196767483510458,95.89585695840849,0.00012713760000000008
0.023544000000000002,0.005700000000000003,8.595697942315132,96.21209660840161,0.0001342008000000001
0.023544000000000002,0.006000000000000004,8.986051070740645,96.52680105635501,0.0001412640000000001
0.023544000000000002,0.0063000000000000035,9.367413156900147,96.83988937546945,0.00014832720000000011
0.023544000000000002,0.006600000000000003,9.73937714532336,97.1512806665308,0.00015539040000000012
0.025015500000000003,0.0003,0.5566610965200199,90.38580044889584,7.50465e-06
0.025015500000000003,0.0006,1.0661790949887895,90.73643195884749,1.50093e-05
0.025015500000000003,0.0009,1.5740429613804456,91.08688455194739,2.251395e-05
0.025015500000000003,0.0012,2.0296861039048655,91.40206596180995,3.00186e-05
0.025015500000000003,0.0015,2.5293817586766734,91.75194200085912,3.7523250000000004e-05
0.025015500000000003,0.0018,3.0292241238793043,92.10139322711439,4.50279e-05
0.025015500000000003,0.0021,3.5266424015241293,92.45033463554647,5.253255000000001e-05
0.025015500000000003,0.0024,4.020630024311244,92.79868102253876,6.00372e-05
0.025015500000000003,0.0027,4.510699662789134,93.1463470769657,6.754185000000001e-05
0.025015500000000003,0.0030000000000000005,4.996366090764374,93.49324737035576,7.504650000000002e-05
0.025015500000000003,0.003300000000000001,5.477145627024607,93.8392963494201,8.255115000000003e-05
0.025015500000000003,0.003600000000000001,5.952556603152003,94.18440833003974,9.005580000000005e-05
0.025015500000000003,0.003900000000000001,6.422119689570434,94.52849749520611,9.756045000000004e-05
0.025015500000000003,0.0042000000000000015,6.8853582497998564,94.87147789350558,0.00010506510000000005
0.025015500000000003,0.004500000000000002,7.387050754632187,95.24737841205847,0.00011256975000000007
0.025015500000000003,0.004800000000000002,7.835470592563736,95.58775040060533,0.00012007440000000007
0.025015500000000003,0.005100000000000002,8.27610985156662,95.92674637232794,0.00012757905000000008
0.025015500000000003,0.005400000000000003,8.70850738293998,96.26427989039335,0.00013508370000000008
0.025015500000000003,0.005700000000000003,9.132207079150028,96.60026443097472,0.0001425883500000001
0.025015500000000003,0.006000000000000004,9.546758439363986,96.93461340358833,0.0001500930000000001
0.025015500000000003,0.0063000000000000035,9.95171716795976,97.26724017212017,0.0001575976500000001
0.026487,0.0003,0.5894119208457959,90.4084945132955,7.9461e-06
0.026487,0.0006,1.1289690975332716,90.77975141319584,1.58922e-05
0.026487,0.0009,1.6669669801400062,91.15081871875022,2.3838300000000002e-05
0.026487,0.0012,2.148981941059035,91.48453993521309,3.17844e-05
0.026487,0.0015,2.6779535805670744,91.85499675059802,3.97305e-05
0.026487,0.0018,3.2074093048577423,92.22500370874283,4.7676600000000004e-05
0.026487,0.0021,3.734085443483636,92.59447067661546,5.5622700000000005e-05
0.026487,0.0024,4.257125570185104,92.96330733694757,6.35688e-05
0.026487,0.0027,4.776013777761975,93.33142322647778,7.151490000000002e-05
0.026487,0.0030000000000000005,5.29023481713746,93.69872772227555,7.946100000000002e-05
0.026487,0.003300000000000001,5.79927480138532,94.06513002869282,8.740710000000003e-05
0.026487,0.003600000000000001,6.3026216369516845,94.43053916976044,9.535320000000003e-05
0.026487,0.003900000000000001,6.79976534834191,94.79486398132931,0.00010329930000000005
0.026487,0.0042000000000000015,7.290198442902886,95.15801310942301,0.00011124540000000005
0.026487,0.004500000000000002,7.821321937657973,95.55601572562078,0.00011919150000000005
0.026487,0.004800000000000002,8.296024250812977,95.91639809105067,0.00012713760000000008
0.026487,0.005100000000000002,8.762463125128834,96.27532039790229,0.00013508370000000008
0.026487,0.005400000000000003,9.2201459467142,96.63269056033202,0.00014302980000000009
0.026487,0.005700000000000003,9.66858509448054,96.98841634602256,0.0001509759000000001
0.027958500000000004,0.0003,0.6221637845256403,90.4311885811995,8.387550000000002e-06
0.027958500000000004,0.0006,1.1917719830289202,90.82307086436334,1.6775100000000005e-05
0.027958500000000004,0.0009,1.7599532636587853,91.21475285494684,2.5162650000000002e-05
0.027958500000000004,0.0012,2.2681936393103452,91.56701386702116,3.355020000000001e-05
0.027958500000000004,0.0015,2.8265884835884236,91.95805145889726,4.193775000000001e-05
0.027958500000000004,0.0018,3.3855947822346226,92.34861411262914,5.0325300000000004e-05
0.027958500000000004,0.0021,3.9415274448537088,92.73860657239968,5.871285000000001e-05
0.027958500000000004,0.0024,4.493619139729867,93.12793338998593,6.710040000000002e-05
0.027958500000000004,0.0027,5.041324364775994,93.51649892743764,7.548795000000003e-05
0.027958500000000004,0.0030000000000000005,5.584097614623169,93.90420733744769,8.387550000000004e-05
0.027958500000000004,0.003300000000000001,6.12139449776203,94.29096254694282,9.226305000000004e-05
0.027958500000000004,0.003600000000000001,6.652672136819146,94.67666824373299,0.00010065060000000006
0.027958500000000004,0.003900000000000001,7.177389490594597,95.06122786670284,0.00010903815000000006
0.027958500000000004,0.0042000000000000015,7.69500772740258,95.4445445997873,0.00011742570000000007
0.027958500000000004,0.004500000000000002,8.255548443106063,95.86464765580222,0.00012581325000000007
0.027958500000000004,0.004800000000000002,8.756516922521389,96.2450384304159,0.00013420080000000007
0.027958500000000004,0.005100000000000002,9.248734790219595,96.62388457354315,0.0001425883500000001
0.027958500000000004,0.005400000000000003,9.731677225046022,97.00108825490707,0.0001509759000000001
0.02943,0.0003,0.6549167457298568,90.45388265201129,8.829e-06
0.02943,0.0006,1.2545885431534207,90.86639031176276,1.7658e-05
0.02943,0.0009,1.8529838142863069,91.27868695995853,2.6487e-05
0.02943,0.0012,2.3873142245690016,91.64948776174377,3.5316e-05
0.02943,0.0015,2.9752653012434633,92.06110612532038,4.4145e-05
0.02943,0.0018,3.5637800578802734,92.47222443632884,5.2974e-05
0.02943,0.0021,4.148968356021049,92.88274231694776,6.180299999999999e-05
0.02943,0.0024,4.730110625426042,93.29255916956022,7.0632e-05
0.02943,0.0027,5.306631229747715,93.70157415714816,7.9461e-05
0.02943,0.0030000000000000005,5.877954155778863,94.10968617753595,8.829000000000001e-05
0.02943,0.003300000000000001,6.443504191593246,94.5167938424027,9.711900000000002e-05
0.02943,0.003600000000000001,7.002707297424233,94.92279545781088,0.00010594800000000002
0.02943,0.003900000000000001,7.5549909233349295,95.32758901093123,0.00011477700000000004
0.02943,0.0042000000000000015,8.099784389004029,95.73107216192523,0.00012360600000000004
0.02943,0.004500000000000002,8.689727792710713,96.17327390842703,0.00013243500000000006
0.02943,0.004800000000000002,9.21694522490176,96.57367101537044,0.00014126400000000005
0.02943,0.005100000000000002,9.734920320887252,96.97243835870313,0.00015009300000000007
0.030901500000000005,0.0003,0.6876708626972061,90.47657672523701,9.27045e-06
0.030901500000000005,0.0006,1.3174195824575772,90.90970975488814,1.85409e-05
0.030901500000000005,0.0009,1.9460210378394776,91.3426210342761,2.7811350000000003e-05
0.030901500000000005,0.0012,2.506336277860088,91.73196162400926,3.70818e-05
0.030901500000000005,0.0015,3.1239693433314217,92.16416074927129,4.635225e-05
0.030901500000000005,0.0018,3.741964906302301,92.59583467766869,5.5622700000000005e-05
0.030901500000000005,0.0021,4.356408125178954,93.02687790453466,6.489315000000001e-05
0.030901500000000005,0.0024,4.966599919696246,93.45718466371169,7.41636e-05
0.030901500000000005,0.0027,5.571934178623295,93.88664889363216,8.343405000000002e-05
0.030901500000000005,0.0030000000000000005,6.171804113206255,94.3151642051481,9.270450000000002e-05
0.030901500000000005,0.003300000000000001,6.765603358373034,94.74262385404406,0.00010197495000000004
0.030901500000000005,0.003600000000000001,7.352726313525101,95.168920717025,0.00011124540000000005
0.030901500000000005,0.003900000000000001,7.932568453692202,95.59394727404607,0.00012051585000000004
0.030901500000000005,0.0042000000000000015,8.504526713619619,96.01759559270928,0.00012978630000000006
0.030901500000000005,0.004500000000000002,9.123857508576561,96.48189418885052,0.00013905675000000007
0.030901500000000005,0.004800000000000002,9.677305775796402,96.90229544355985,0.0001483272000000001
0.032373,0.0003,0.7204261937431062,90.49927080047289,9.711900000000001e-06
0.032373,0.0006,1.3802659191830995,90.95302919325862,1.9423800000000002e-05
0.032373,0.0009,2.0390435098682462,91.40655507867311,2.9135700000000003e-05
0.032373,0.0012,2.625252293118953,91.81443545835042,3.8847600000000004e-05
0.032373,0.0015,3.272690840820223,92.26721533029338,4.85595e-05
0.032373,0.0018,3.9201492175860433,92.7194448340669,5.8271400000000006e-05
0.032373,0.0021,4.563846699112136,93.1710133290612,6.79833e-05
0.032373,0.0024,5.20308691477318,93.62180986009568,7.769520000000001e-05
0.032373,0.0027,5.837233017220755,94.07172311415847,8.740710000000002e-05
0.032373,0.0030000000000000005,6.465647159388308,94.5206413816249,9.711900000000002e-05
0.032373,0.003300000000000001,7.087691473488103,94.96845252045956,0.00010683090000000004
0.032373,0.003600000000000001,7.70272837978975,95.4150439274243,0.00011654280000000004
0.032373,0.003900000000000001,8.31012088876553,95.86030251481957,0.00012625470000000006
0.032373,0.0042000000000000015,8.909232987215608,96.30411468996508,0.00013596660000000007
0.032373,0.004500000000000002,9.55793511303606,96.79050820327092,0.00014567850000000006
0.032373,0.004800000000000002,10.137595193536185,97.2309113118231,0.0001553904000000001
0.033844500000000007,0.0003,0.7531827972557616,90.52196487739012,1.0153350000000002e-05
0.033844500000000007,0.0006,1.4431283861211377,90.99634862641756,2.0306700000000003e-05
0.033844500000000007,0.0009,2.1320393099766,91.47048909392494,3.0460050000000007e-05
0.033844500000000007,0.0012,2.7440615847533203,91.89690926866231,4.0613400000000007e-05
0.033844500000000007,0.0015,3.421423471407528,92.37026986752574,5.0766750000000007e-05
0.033844500000000007,0.0018,4.09833293324061,92.84305490284504,6.092010000000001e-05
0.033844500000000007,0.0021,4.7712840236402725,93.31514858425432,7.107345000000002e-05
0.033844500000000007,0.0024,5.439571502636595,93.78643474639807,8.122680000000001e-05
0.033844500000000007,0.0027,6.102527551156795,94.25679679675714,9.138015000000002e-05
0.033844500000000007,0.0030000000000000005,6.759482966610052,94.72611766902239,0.00010153350000000003
0.033844500000000007,0.003300000000000001,7.409768012144031,95.19427977988074,0.00011168685000000005
0.033844500000000007,0.003600000000000001,8.052712690736513,95.6611649942592,0.00012184020000000007
0.033844500000000007,0.003900000000000001,8.687647035551196,96.12665459259236,0.00013199355000000006
0.033844500000000007,0.0042000000000000015,9.31390149575089,96.59062925087767,0.00014214690000000007
0.033844500000000007,0.004500000000000002,9.991958128592337,97.09911565746442,0.0001523002500000001
0.035316,0.0003,0.7859407317070015,90.54465895569662,1.05948e-05
0.035316,0.0006,1.5060078314913161,91.03966805391903,2.11896e-05
0.035316,0.0009,2.225000880281782,91.53442308085917,3.17844e-05
0.035316,0.0012,2.8628270311026616,91.97938305643747,4.23792e-05
0.035316,0.0015,3.570163191997562,92.47332436011922,5.297400000000001e-05
0.035316,0.0018,4.2765160172242815,92.96666488164786,6.35688e-05
0.035316,0.0021,4.978720044059118,93.45928366422666,7.41636e-05
0.035316,0.0024,5.676053575148709,93.95105931012299,8.47584e-05
0.035316,0.0027,6.3678175859692665,94.44186991848801,9.535320000000002e-05
0.035316,0.0030000000000000005,7.053311207084309,94.93159302901718,0.00010594800000000004
0.035316,0.003300000000000001,7.731832449479737,95.42010557131061,0.00011654280000000004
0.035316,0.003600000000000001,8.40267844085066,95.9072838222368,0.00012713760000000005
0.035316,0.003900000000000001,9.065145701060574,96.39300336696567,0.00013773240000000006
0.035316,0.0042000000000000015,9.718530525298618,96.87713907212043,0.0001483272000000001
0.0367875,0.0003,0.8187000556535817,90.56735303515889,1.103625e-05
0.0367875,0.0006,1.5689051198526822,91.08298747538124,2.20725e-05
0.0367875,0.0009,2.317924050561663,91.59835704062357,3.310875e-05
0.0367875,0.0012,2.9816100498444076,92.06185682193738,4.4145e-05
0.0367875,0.0015,3.718907465113249,92.57637880764099,5.518124999999999e-05
0.0367875,0.0018,4.45469844284358,93.09027476767687,6.62175e-05
0.0367875,0.0021,5.186154705642431,93.6034185627223,7.725375e-05
0.0367875,0.0024,5.912533024403358,94.11568353898365,8.829e-05
0.0367875,0.0027,6.633102927448046,94.6269424568837,9.932625000000001e-05
0.0367875,0.0030000000000000005,7.34713155327764,95.13706742316754,0.0001103625
0.0367875,0.003300000000000001,8.053884260910028,95.64592983325846,0.00012139875000000002
0.0367875,0.003600000000000001,8.752624824910281,96.15340031697235,0.00013243500000000003
0.0367875,0.003900000000000001,9.442615692661084,96.65934869708973,0.00014347125000000005
0.0367875,0.0042000000000000015,10.123118362376344,97.16364395103848,0.00015450750000000005
0.038259,0.0003,0.8514608277416008,90.5900471155705,1.14777e-05
0.038259,0.0006,1.6318211330431105,91.1263068903959,2.29554e-05
0.038259,0.0009,2.410804757801489,91.6622909740532,3.44331e-05
0.038259,0.0012,3.1004362644994945,92.14433056494788,4.59108e-05
0.038259,0.0015,3.867654584426569,92.67943320886039,5.73885e-05
0.038259,0.0018,4.632880186526812,93.21388455824436,6.88662e-05
0.038259,0.0021,5.393587952944842,93.74755327331731,8.03439e-05
0.038259,0.0024,6.149009741892844,94.2803074207004,9.18216e-05
0.038259,0.0027,6.898383380811296,94.8120143894171,0.00010329930000000001
0.038259,0.0030000000000000005,7.640943677093446,95.34254081335465,0.00011477700000000002
0.038259,0.003300000000000001,8.375922921298166,95.87175250349475,0.00012625470000000004
0.038259,0.003600000000000001,9.10255103718262,96.39951438371496,0.00013773240000000006
0.038259,0.003900000000000001,9.820055817263823,96.92569044161756,0.00014921010000000005
0.0397305,0.0003,0.8842231067044651,90.61274119675149,1.1919150000000001e-05
0.0397305,0.0006,1.6947567711547529,91.16962629856798,2.3838300000000002e-05
0.0397305,0.0009,2.5036408435653756,91.72622488249878,3.575745e-05
0.0397305,0.0012,3.2193120141678233,92.22680428565324,4.7676600000000004e-05
0.0397305,0.0015,4.016403465143446,92.7824875630674,5.9595750000000006e-05
0.0397305,0.0018,4.811061226149084,93.33749425052821,7.15149e-05
0.0397305,0.0021,5.601019730862,93.89168778995462,8.343405e-05
0.0397305,0.0024,6.385483619540193,94.44493094251719,9.535320000000001e-05
0.0397305,0.0027,7.163658751715587,94.9970856932614,0.00010727235000000001
0.0397305,0.0030000000000000005,7.93474725087942,95.54801316149089,0.00011919150000000003
0.0397305,0.003300000000000001,8.69794790596295,96.09757352065967,0.00013111065000000004
0.0397305,0.003600000000000001,9.452456272417503,96.64562592752382,0.00014302980000000006
0.0397305,0.003900000000000001,10.197464882321176,97.19202845998115,0.00015494895000000007
0.041202,0.0003,0.9169869513788378,90.63543527855687,1.2360600000000002e-05
0.041202,0.0006,1.7577129535411546,91.21294569955307,2.4721200000000003e-05
0.041202,0.0009,2.596428814920457,91.7901587669199,3.70818e-05
0.041202,0.0012,3.338234903067231,92.30927798359346,4.9442400000000006e-05
0.041202,0.0015,4.165153393740669,92.88554186911863,6.1803e-05
0.041202,0.0018,4.989241538989818,93.46110384183841,7.41636e-05
0.041202,0.0021,5.808449983559734,94.03582210578499,8.65242e-05
0.041202,0.0024,6.6219545485960785,94.60955409163608,9.888480000000001e-05
0.041202,0.0027,7.428928845167206,95.18215634540691,0.00011124540000000002
0.041202,0.0030000000000000005,8.22854194633344,95.75348442851207,0.00012360600000000004
0.041202,0.003300000000000001,9.019958689605028,96.32339282305938,0.00013596660000000005
0.041202,0.003600000000000001,9.802339724778308,96.89173485294614,0.00014832720000000006
0.0426735,0.0003,0.9497524206970211,90.65812936084976,1.280205e-05
0.0426735,0.0006,1.820690619869166,91.25626509299516,2.56041e-05
0.0426735,0.0009,2.689166729807193,91.85409262874082,3.840615e-05
0.0426735,0.0012,3.4572007143863117,92.39175165911377,5.12082e-05
0.0426735,0.0015,4.3139039321530435,92.98859612646832,6.401025e-05
0.0426735,0.0018,5.167421102374601,93.58471332947981,7.68123e-05
0.0426735,0.0021,6.015878656044982,94.17995621517547,8.961435000000001e-05
0.0426735,0.0024,6.858422421198698,94.77417685609902,0.0001024164
0.0426735,0.0027,7.694193467054584,95.36722632385826,0.00011521845000000001
0.0426735,0.0030000000000000005,8.522327436049208,95.95895457621687,0.00012802050000000002
0.0426735,0.003300000000000001,9.341954747815508,96.54921034924615,0.00014082255000000003
0.0426735,0.003600000000000001,10.152200589355242,97.13784106551059,0.00015362460000000006
0.044145000000000004,0.0003,0.9825195736959202,90.6808234435131,1.32435e-05
0.044145000000000004,0.0006,1.8836907312078306,91.29958447854203,2.6487e-05
0.044145000000000004,0.0009,2.7818511005833257,91.91802646901755,3.97305e-05
0.044145000000000004,0.0012,3.576202628326665,92.47422531162782,5.2974e-05
0.044145000000000004,0.0015,4.462654741232354,93.09165033362589,6.62175e-05
0.044145000000000004,0.0018,5.345599892624846,93.7083227102557,7.9461e-05
0.044145000000000004,0.0021,6.223305692236468,94.32409011136903,9.27045e-05
0.044145000000000004,0.0024,7.0948871284033626,94.93879922274829,0.000105948
0.044145000000000004,0.0027,7.959452422211605,95.55229560551243,0.00011919150000000001
0.044145000000000004,0.0030000000000000005,8.816103391569266,96.16442356600261,0.00013243500000000003
0.044145000000000004,0.003300000000000001,9.663935555170648,96.77502603687621,0.00014567850000000003
0.045616500000000004,0.0003,1.0152884695195687,90.70351752644629,1.3684950000000002e-05
0.045616500000000004,0.0006,1.9467142711617902,91.34290385588385,2.7369900000000004e-05
0.045616500000000004,0.0009,2.8744795114055517,91.98196028913777,4.1054849999999995e-05
0.045616500000000004,0.0012,3.695235242499302,92.5566989414052,5.473980000000001e-05
0.045616500000000004,0.0015,4.611405626584167,93.1947044899862,6.842475e-05
0.045616500000000004,0.0018,5.523777886002594,93.83193198171863,8.210969999999999e-05
0.045616500000000004,0.0021,6.430731036835924,94.46822378790026,9.579465e-05
0.045616500000000004,0.0024,7.3313485620858625,95.10342117905168,0.00010947960000000001
0.045616500000000004,0.0027,8.224705516283171,95.73736416753543,0.00012316455
0.045616500000000004,0.0030000000000000005,9.109869485253334,96.36989135973786,0.0001368495
0.045616500000000004,0.003300000000000001,9.985900587070185,97.00083982434042,0.00015053445000000004
0.047088000000000005,0.0003,1.0480591674256943,90.72621160956115,1.4126400000000003e-05
0.047088000000000005,0.0006,2.0097622470469307,91.38622322471345,2.8252800000000005e-05
0.047088000000000005,0.0009,2.967048812557381,92.04589409037847,4.23792e-05
0.047088000000000005,0.0012,3.8142931628991663,92.63917254798648,5.650560000000001e-05
0.047088000000000005,0.0015,4.760156436266418,93.29775859423815,7.063200000000001e-05
0.047088000000000005,0.0018,5.701955058134145,93.95554114068999,8.47584e-05
0.047088000000000005,0.0021,6.638154634067153,94.61235723839609,9.888480000000001e-05
0.047088000000000005,0.0024,7.5678066136503475,95.26804271252917,0.00011301120000000002
0.047088000000000005,0.0027,8.489952554456544,95.92243198694803,0.00012713760000000003
0.047088000000000005,0.0030000000000000005,9.403625389011367,96.57535791868698,0.00014126400000000005
0.047088000000000005,0.003300000000000001,10.307849318489131,97.22665164996337,0.00015539040000000007
0.048559500000000005,0.0003,1.080831726783384,90.74890569276316,1.4567849999999998e-05
0.048559500000000005,0.0006,2.072835691125788,91.42954258472658,2.9135699999999996e-05
0.048559500000000005,0.0009,3.0595555354814565,92.10982787382484,4.3703549999999996e-05
0.048559500000000005,0.0012,3.9333716595536283,92.72164613109214,5.827139999999999e-05
0.048559500000000005,0.0015,4.9089070708091995,93.40081264531675,7.283925e-05
0.048559500000000005,0.0018,5.880131384046134,94.07915018410043,8.740709999999999e-05
0.048559500000000005,0.0021,6.845576427868063,94.75649045633115,0.00010197494999999998
0.048559500000000005,0.0024,7.804261174232317,95.4326638104622,0.00011654279999999998
0.048559500000000005,0.0027,8.755193341652738,96.1074990408472,0.00013111065000000001
0.048559500000000005,0.0030000000000000005,9.697370774503506,96.78082320388037,0.00014567850000000003
0.050031000000000006,0.0003,1.113606207085925,90.77159977599209,1.50093e-05
0.050031000000000006,0.0006,2.1359356618854424,91.4728619356808,3.00186e-05
0.050031000000000006,0.0009,3.1519972266686325,92.1737616410762,4.50279e-05
0.050031000000000006,0.0012,4.052467355752463,92.80411969072281,6.00372e-05
0.050031000000000006,0.0015,5.057657462094013,93.50386664257633,7.504650000000001e-05
0.050031000000000006,0.0018,6.058306839266625,94.20275910966865,9.00558e-05
0.050031000000000006,0.0021,7.052996363038198,94.90062343548503,0.00010506510000000002
0.050031000000000006,0.0024,8.040712135840723,95.59728446041653,0.0001200744
0.050031000000000006,0.0027,9.0204276836679,96.29256530691788,0.00013508370000000003
0.050031000000000006,0.0030000000000000005,9.991105314260308,96.98628717709713,0.00015009300000000004
